run_id,variant,env_id,seed,step,action,reward,done,note
848e1787,baseline_mh,MiniHack-MazeWalk-9x9-v0,0,0,SE,-0.01,False,
848e1787,baseline_mh,MiniHack-MazeWalk-9x9-v0,0,1,E,1.0,True,
848e1787,baseline_mh,MiniHack-MazeWalk-9x9-v0,1,0,NW,-0.01,False,
848e1787,baseline_mh,MiniHack-MazeWalk-9x9-v0,1,1,E,0.0,False,
848e1787,baseline_mh,MiniHack-MazeWalk-9x9-v0,1,2,NW,-0.01,False,
848e1787,baseline_mh,MiniHack-MazeWalk-9x9-v0,1,3,NW,-0.01,False,
848e1787,baseline_mh,MiniHack-MazeWalk-9x9-v0,1,4,E,-0.01,False,
848e1787,baseline_mh,MiniHack-MazeWalk-9x9-v0,1,5,W,0.0,False,
848e1787,baseline_mh,MiniHack-MazeWalk-9x9-v0,1,6,NW,-0.01,False,
848e1787,baseline_mh,MiniHack-MazeWalk-9x9-v0,1,7,NW,-0.01,False,
848e1787,baseline_mh,MiniHack-MazeWalk-9x9-v0,1,8,E,0.0,False,
848e1787,baseline_mh,MiniHack-MazeWalk-9x9-v0,1,9,NW,-0.01,False,
848e1787,baseline_mh,MiniHack-MazeWalk-9x9-v0,1,10,S,-0.01,False,
848e1787,baseline_mh,MiniHack-MazeWalk-9x9-v0,1,11,N,-0.01,False,
848e1787,baseline_mh,MiniHack-MazeWalk-9x9-v0,1,12,W,0.0,False,
848e1787,baseline_mh,MiniHack-MazeWalk-9x9-v0,1,13,NW,-0.01,False,
848e1787,baseline_mh,MiniHack-MazeWalk-9x9-v0,1,14,E,0.0,False,
848e1787,baseline_mh,MiniHack-MazeWalk-9x9-v0,1,15,NW,-0.01,False,
848e1787,baseline_mh,MiniHack-MazeWalk-9x9-v0,1,16,W,0.0,False,
848e1787,baseline_mh,MiniHack-MazeWalk-9x9-v0,1,17,NW,-0.01,False,
848e1787,baseline_mh,MiniHack-MazeWalk-9x9-v0,1,18,E,0.0,False,
848e1787,baseline_mh,MiniHack-MazeWalk-9x9-v0,1,19,NW,-0.01,False,
848e1787,baseline_mh,MiniHack-MazeWalk-9x9-v0,1,20,NE,-0.01,False,
848e1787,baseline_mh,MiniHack-MazeWalk-9x9-v0,1,21,W,0.0,False,
848e1787,baseline_mh,MiniHack-MazeWalk-9x9-v0,1,22,NE,-0.01,False,
848e1787,baseline_mh,MiniHack-MazeWalk-9x9-v0,1,23,E,0.0,False,
848e1787,baseline_mh,MiniHack-MazeWalk-9x9-v0,1,24,NW,-0.01,False,
848e1787,baseline_mh,MiniHack-MazeWalk-9x9-v0,1,25,W,0.0,False,
848e1787,baseline_mh,MiniHack-MazeWalk-9x9-v0,1,26,NW,-0.01,False,
848e1787,baseline_mh,MiniHack-MazeWalk-9x9-v0,1,27,E,0.0,False,
848e1787,baseline_mh,MiniHack-MazeWalk-9x9-v0,1,28,NE,-0.01,False,
848e1787,baseline_mh,MiniHack-MazeWalk-9x9-v0,1,29,W,0.0,False,
848e1787,baseline_mh,MiniHack-MazeWalk-9x9-v0,1,30,NE,-0.01,False,
848e1787,baseline_mh,MiniHack-MazeWalk-9x9-v0,1,31,E,0.0,False,
848e1787,baseline_mh,MiniHack-MazeWalk-9x9-v0,1,32,NW,-0.01,False,
848e1787,baseline_mh,MiniHack-MazeWalk-9x9-v0,1,33,W,0.0,False,
848e1787,baseline_mh,MiniHack-MazeWalk-9x9-v0,1,34,E,0.0,False,
848e1787,baseline_mh,MiniHack-MazeWalk-9x9-v0,1,35,SE,-0.01,False,
848e1787,baseline_mh,MiniHack-MazeWalk-9x9-v0,1,36,W,0.0,False,
848e1787,baseline_mh,MiniHack-MazeWalk-9x9-v0,1,37,SE,-0.01,False,
848e1787,baseline_mh,MiniHack-MazeWalk-9x9-v0,1,38,SE,-0.01,False,
848e1787,baseline_mh,MiniHack-MazeWalk-9x9-v0,1,39,NE,-0.01,False,
848e1787,baseline_mh,MiniHack-MazeWalk-9x9-v0,1,40,E,0.0,False,
848e1787,baseline_mh,MiniHack-MazeWalk-9x9-v0,1,41,SE,-0.01,False,
848e1787,baseline_mh,MiniHack-MazeWalk-9x9-v0,1,42,SW,-0.01,False,
848e1787,baseline_mh,MiniHack-MazeWalk-9x9-v0,1,43,SE,-0.01,False,
848e1787,baseline_mh,MiniHack-MazeWalk-9x9-v0,1,44,W,0.0,False,
848e1787,baseline_mh,MiniHack-MazeWalk-9x9-v0,1,45,SE,-0.01,False,
848e1787,baseline_mh,MiniHack-MazeWalk-9x9-v0,1,46,N,-0.01,False,
848e1787,baseline_mh,MiniHack-MazeWalk-9x9-v0,1,47,S,-0.01,False,
848e1787,baseline_mh,MiniHack-MazeWalk-9x9-v0,1,48,E,0.0,False,
848e1787,baseline_mh,MiniHack-MazeWalk-9x9-v0,1,49,SE,-0.01,False,
848e1787,baseline_mh,MiniHack-MazeWalk-9x9-v0,2,0,NW,-0.01,False,
848e1787,baseline_mh,MiniHack-MazeWalk-9x9-v0,2,1,N,0.0,False,
848e1787,baseline_mh,MiniHack-MazeWalk-9x9-v0,2,2,SE,-0.01,False,
848e1787,baseline_mh,MiniHack-MazeWalk-9x9-v0,2,3,N,0.0,False,
848e1787,baseline_mh,MiniHack-MazeWalk-9x9-v0,2,4,SE,-0.01,False,
848e1787,baseline_mh,MiniHack-MazeWalk-9x9-v0,2,5,SE,-0.01,False,
848e1787,baseline_mh,MiniHack-MazeWalk-9x9-v0,2,6,N,0.0,False,
848e1787,baseline_mh,MiniHack-MazeWalk-9x9-v0,2,7,N,-0.01,False,
848e1787,baseline_mh,MiniHack-MazeWalk-9x9-v0,2,8,SE,-0.01,False,
848e1787,baseline_mh,MiniHack-MazeWalk-9x9-v0,2,9,S,0.0,False,
848e1787,baseline_mh,MiniHack-MazeWalk-9x9-v0,2,10,SE,-0.01,False,
848e1787,baseline_mh,MiniHack-MazeWalk-9x9-v0,2,11,SE,-0.01,False,
848e1787,baseline_mh,MiniHack-MazeWalk-9x9-v0,2,12,N,0.0,False,
848e1787,baseline_mh,MiniHack-MazeWalk-9x9-v0,2,13,SE,-0.01,False,
848e1787,baseline_mh,MiniHack-MazeWalk-9x9-v0,2,14,N,-0.01,False,
848e1787,baseline_mh,MiniHack-MazeWalk-9x9-v0,2,15,S,0.0,False,
848e1787,baseline_mh,MiniHack-MazeWalk-9x9-v0,2,16,SE,-0.01,False,
848e1787,baseline_mh,MiniHack-MazeWalk-9x9-v0,2,17,N,0.0,False,
848e1787,baseline_mh,MiniHack-MazeWalk-9x9-v0,2,18,SE,-0.01,False,
848e1787,baseline_mh,MiniHack-MazeWalk-9x9-v0,2,19,S,0.0,False,
848e1787,baseline_mh,MiniHack-MazeWalk-9x9-v0,2,20,SE,-0.01,False,
848e1787,baseline_mh,MiniHack-MazeWalk-9x9-v0,2,21,S,0.0,False,
848e1787,baseline_mh,MiniHack-MazeWalk-9x9-v0,2,22,SE,-0.01,False,
848e1787,baseline_mh,MiniHack-MazeWalk-9x9-v0,2,23,SE,-0.01,False,
848e1787,baseline_mh,MiniHack-MazeWalk-9x9-v0,2,24,N,0.0,False,
848e1787,baseline_mh,MiniHack-MazeWalk-9x9-v0,2,25,S,0.0,False,
848e1787,baseline_mh,MiniHack-MazeWalk-9x9-v0,2,26,SE,-0.01,False,
848e1787,baseline_mh,MiniHack-MazeWalk-9x9-v0,2,27,NE,-0.01,False,
848e1787,baseline_mh,MiniHack-MazeWalk-9x9-v0,2,28,S,0.0,False,
848e1787,baseline_mh,MiniHack-MazeWalk-9x9-v0,2,29,SE,-0.01,False,
848e1787,baseline_mh,MiniHack-MazeWalk-9x9-v0,2,30,SE,-0.01,False,
848e1787,baseline_mh,MiniHack-MazeWalk-9x9-v0,2,31,NE,-0.01,False,
848e1787,baseline_mh,MiniHack-MazeWalk-9x9-v0,2,32,SW,-0.01,False,
848e1787,baseline_mh,MiniHack-MazeWalk-9x9-v0,2,33,N,0.0,False,
848e1787,baseline_mh,MiniHack-MazeWalk-9x9-v0,2,34,SE,-0.01,False,
848e1787,baseline_mh,MiniHack-MazeWalk-9x9-v0,2,35,S,0.0,False,
848e1787,baseline_mh,MiniHack-MazeWalk-9x9-v0,2,36,SE,-0.01,False,
848e1787,baseline_mh,MiniHack-MazeWalk-9x9-v0,2,37,N,0.0,False,
848e1787,baseline_mh,MiniHack-MazeWalk-9x9-v0,2,38,SE,-0.01,False,
848e1787,baseline_mh,MiniHack-MazeWalk-9x9-v0,2,39,SW,-0.01,False,
848e1787,baseline_mh,MiniHack-MazeWalk-9x9-v0,2,40,S,0.0,False,
848e1787,baseline_mh,MiniHack-MazeWalk-9x9-v0,2,41,SE,-0.01,False,
848e1787,baseline_mh,MiniHack-MazeWalk-9x9-v0,2,42,N,0.0,False,
848e1787,baseline_mh,MiniHack-MazeWalk-9x9-v0,2,43,SE,-0.01,False,
848e1787,baseline_mh,MiniHack-MazeWalk-9x9-v0,2,44,S,0.0,False,
848e1787,baseline_mh,MiniHack-MazeWalk-9x9-v0,2,45,SE,-0.01,False,
848e1787,baseline_mh,MiniHack-MazeWalk-9x9-v0,2,46,S,0.0,False,
848e1787,baseline_mh,MiniHack-MazeWalk-9x9-v0,2,47,SE,-0.01,False,
848e1787,baseline_mh,MiniHack-MazeWalk-9x9-v0,2,48,SE,-0.01,False,
848e1787,baseline_mh,MiniHack-MazeWalk-9x9-v0,2,49,S,0.0,False,
848e1787,baseline_mh,MiniHack-MazeWalk-9x9-v0,3,0,S,0.0,False,
848e1787,baseline_mh,MiniHack-MazeWalk-9x9-v0,3,1,SE,-0.01,False,
848e1787,baseline_mh,MiniHack-MazeWalk-9x9-v0,3,2,NE,-0.01,False,
848e1787,baseline_mh,MiniHack-MazeWalk-9x9-v0,3,3,SE,-0.01,False,
848e1787,baseline_mh,MiniHack-MazeWalk-9x9-v0,3,4,SW,-0.01,False,
848e1787,baseline_mh,MiniHack-MazeWalk-9x9-v0,3,5,N,0.0,False,
848e1787,baseline_mh,MiniHack-MazeWalk-9x9-v0,3,6,SE,-0.01,False,
848e1787,baseline_mh,MiniHack-MazeWalk-9x9-v0,3,7,SE,-0.01,False,
848e1787,baseline_mh,MiniHack-MazeWalk-9x9-v0,3,8,NE,-0.01,False,
848e1787,baseline_mh,MiniHack-MazeWalk-9x9-v0,3,9,N,-0.01,False,
848e1787,baseline_mh,MiniHack-MazeWalk-9x9-v0,3,10,S,0.0,False,
848e1787,baseline_mh,MiniHack-MazeWalk-9x9-v0,3,11,SE,-0.01,False,
848e1787,baseline_mh,MiniHack-MazeWalk-9x9-v0,3,12,N,0.0,False,
848e1787,baseline_mh,MiniHack-MazeWalk-9x9-v0,3,13,SE,-0.01,False,
848e1787,baseline_mh,MiniHack-MazeWalk-9x9-v0,3,14,E,-0.01,False,
848e1787,baseline_mh,MiniHack-MazeWalk-9x9-v0,3,15,W,-0.01,False,
848e1787,baseline_mh,MiniHack-MazeWalk-9x9-v0,3,16,S,0.0,False,
848e1787,baseline_mh,MiniHack-MazeWalk-9x9-v0,3,17,SE,-0.01,False,
848e1787,baseline_mh,MiniHack-MazeWalk-9x9-v0,3,18,N,0.0,False,
848e1787,baseline_mh,MiniHack-MazeWalk-9x9-v0,3,19,SE,-0.01,False,
848e1787,baseline_mh,MiniHack-MazeWalk-9x9-v0,3,20,S,0.0,False,
848e1787,baseline_mh,MiniHack-MazeWalk-9x9-v0,3,21,SE,-0.01,False,
848e1787,baseline_mh,MiniHack-MazeWalk-9x9-v0,3,22,NW,-0.01,False,
848e1787,baseline_mh,MiniHack-MazeWalk-9x9-v0,3,23,S,0.0,False,
848e1787,baseline_mh,MiniHack-MazeWalk-9x9-v0,3,24,SE,-0.01,False,
848e1787,baseline_mh,MiniHack-MazeWalk-9x9-v0,3,25,SE,-0.01,False,
848e1787,baseline_mh,MiniHack-MazeWalk-9x9-v0,3,26,N,0.0,False,
848e1787,baseline_mh,MiniHack-MazeWalk-9x9-v0,3,27,SE,-0.01,False,
848e1787,baseline_mh,MiniHack-MazeWalk-9x9-v0,3,28,S,0.0,False,
848e1787,baseline_mh,MiniHack-MazeWalk-9x9-v0,3,29,SE,-0.01,False,
848e1787,baseline_mh,MiniHack-MazeWalk-9x9-v0,3,30,N,0.0,False,
848e1787,baseline_mh,MiniHack-MazeWalk-9x9-v0,3,31,SE,-0.01,False,
848e1787,baseline_mh,MiniHack-MazeWalk-9x9-v0,3,32,N,0.0,False,
848e1787,baseline_mh,MiniHack-MazeWalk-9x9-v0,3,33,SE,-0.01,False,
848e1787,baseline_mh,MiniHack-MazeWalk-9x9-v0,3,34,S,0.0,False,
848e1787,baseline_mh,MiniHack-MazeWalk-9x9-v0,3,35,SE,-0.01,False,
848e1787,baseline_mh,MiniHack-MazeWalk-9x9-v0,3,36,N,0.0,False,
848e1787,baseline_mh,MiniHack-MazeWalk-9x9-v0,3,37,SE,-0.01,False,
848e1787,baseline_mh,MiniHack-MazeWalk-9x9-v0,3,38,S,0.0,False,
848e1787,baseline_mh,MiniHack-MazeWalk-9x9-v0,3,39,SE,-0.01,False,
848e1787,baseline_mh,MiniHack-MazeWalk-9x9-v0,3,40,S,0.0,False,
848e1787,baseline_mh,MiniHack-MazeWalk-9x9-v0,3,41,SE,-0.01,False,
848e1787,baseline_mh,MiniHack-MazeWalk-9x9-v0,3,42,N,0.0,False,
848e1787,baseline_mh,MiniHack-MazeWalk-9x9-v0,3,43,SE,-0.01,False,
848e1787,baseline_mh,MiniHack-MazeWalk-9x9-v0,3,44,N,0.0,False,
848e1787,baseline_mh,MiniHack-MazeWalk-9x9-v0,3,45,SE,-0.01,False,
848e1787,baseline_mh,MiniHack-MazeWalk-9x9-v0,3,46,S,0.0,False,
848e1787,baseline_mh,MiniHack-MazeWalk-9x9-v0,3,47,NE,-0.01,False,
848e1787,baseline_mh,MiniHack-MazeWalk-9x9-v0,3,48,N,0.0,False,
848e1787,baseline_mh,MiniHack-MazeWalk-9x9-v0,3,49,SE,-0.01,False,
848e1787,baseline_mh,MiniHack-MazeWalk-9x9-v0,4,0,E,0.0,False,
848e1787,baseline_mh,MiniHack-MazeWalk-9x9-v0,4,1,SE,-0.01,False,
848e1787,baseline_mh,MiniHack-MazeWalk-9x9-v0,4,2,NE,0.0,False,
848e1787,baseline_mh,MiniHack-MazeWalk-9x9-v0,4,3,SE,-0.01,False,
848e1787,baseline_mh,MiniHack-MazeWalk-9x9-v0,4,4,SE,-0.01,False,
848e1787,baseline_mh,MiniHack-MazeWalk-9x9-v0,4,5,NE,-0.01,False,
848e1787,baseline_mh,MiniHack-MazeWalk-9x9-v0,4,6,SW,0.0,False,
848e1787,baseline_mh,MiniHack-MazeWalk-9x9-v0,4,7,SE,-0.01,False,
848e1787,baseline_mh,MiniHack-MazeWalk-9x9-v0,4,8,SE,-0.01,False,
848e1787,baseline_mh,MiniHack-MazeWalk-9x9-v0,4,9,NE,0.0,False,
848e1787,baseline_mh,MiniHack-MazeWalk-9x9-v0,4,10,SE,-0.01,False,
848e1787,baseline_mh,MiniHack-MazeWalk-9x9-v0,4,11,N,0.0,False,
848e1787,baseline_mh,MiniHack-MazeWalk-9x9-v0,4,12,SE,-0.01,False,
848e1787,baseline_mh,MiniHack-MazeWalk-9x9-v0,4,13,SE,-0.01,False,
848e1787,baseline_mh,MiniHack-MazeWalk-9x9-v0,4,14,NE,-0.01,False,
848e1787,baseline_mh,MiniHack-MazeWalk-9x9-v0,4,15,SW,-0.01,False,
848e1787,baseline_mh,MiniHack-MazeWalk-9x9-v0,4,16,N,0.0,False,
848e1787,baseline_mh,MiniHack-MazeWalk-9x9-v0,4,17,SE,-0.01,False,
848e1787,baseline_mh,MiniHack-MazeWalk-9x9-v0,4,18,SE,-0.01,False,
848e1787,baseline_mh,MiniHack-MazeWalk-9x9-v0,4,19,NE,-0.01,False,
848e1787,baseline_mh,MiniHack-MazeWalk-9x9-v0,4,20,SW,-0.01,False,
848e1787,baseline_mh,MiniHack-MazeWalk-9x9-v0,4,21,NW,-0.01,False,
848e1787,baseline_mh,MiniHack-MazeWalk-9x9-v0,4,22,E,-0.01,False,
848e1787,baseline_mh,MiniHack-MazeWalk-9x9-v0,4,23,S,0.0,False,
848e1787,baseline_mh,MiniHack-MazeWalk-9x9-v0,4,24,SE,-0.01,False,
848e1787,baseline_mh,MiniHack-MazeWalk-9x9-v0,4,25,E,-0.01,False,
848e1787,baseline_mh,MiniHack-MazeWalk-9x9-v0,4,26,S,0.0,False,
848e1787,baseline_mh,MiniHack-MazeWalk-9x9-v0,4,27,SE,-0.01,False,
848e1787,baseline_mh,MiniHack-MazeWalk-9x9-v0,4,28,SW,0.0,False,
848e1787,baseline_mh,MiniHack-MazeWalk-9x9-v0,4,29,SE,-0.01,False,
848e1787,baseline_mh,MiniHack-MazeWalk-9x9-v0,4,30,NE,0.0,False,
848e1787,baseline_mh,MiniHack-MazeWalk-9x9-v0,4,31,SE,-0.01,False,
848e1787,baseline_mh,MiniHack-MazeWalk-9x9-v0,4,32,SW,0.0,False,
848e1787,baseline_mh,MiniHack-MazeWalk-9x9-v0,4,33,SE,-0.01,False,
848e1787,baseline_mh,MiniHack-MazeWalk-9x9-v0,4,34,NE,0.0,False,
848e1787,baseline_mh,MiniHack-MazeWalk-9x9-v0,4,35,SE,-0.01,False,
848e1787,baseline_mh,MiniHack-MazeWalk-9x9-v0,4,36,W,-0.01,False,
848e1787,baseline_mh,MiniHack-MazeWalk-9x9-v0,4,37,N,0.0,False,
848e1787,baseline_mh,MiniHack-MazeWalk-9x9-v0,4,38,SE,-0.01,False,
848e1787,baseline_mh,MiniHack-MazeWalk-9x9-v0,4,39,W,-0.01,False,
848e1787,baseline_mh,MiniHack-MazeWalk-9x9-v0,4,40,S,0.0,False,
848e1787,baseline_mh,MiniHack-MazeWalk-9x9-v0,4,41,SE,-0.01,False,
848e1787,baseline_mh,MiniHack-MazeWalk-9x9-v0,4,42,E,-0.01,False,
848e1787,baseline_mh,MiniHack-MazeWalk-9x9-v0,4,43,N,0.0,False,
848e1787,baseline_mh,MiniHack-MazeWalk-9x9-v0,4,44,SE,-0.01,False,
848e1787,baseline_mh,MiniHack-MazeWalk-9x9-v0,4,45,N,0.0,False,
848e1787,baseline_mh,MiniHack-MazeWalk-9x9-v0,4,46,SE,-0.01,False,
848e1787,baseline_mh,MiniHack-MazeWalk-9x9-v0,4,47,S,0.0,False,
848e1787,baseline_mh,MiniHack-MazeWalk-9x9-v0,4,48,SE,-0.01,False,
848e1787,baseline_mh,MiniHack-MazeWalk-9x9-v0,4,49,S,0.0,False,
848e1787,baseline_mh,MiniHack-MazeWalk-9x9-v0,5,0,SE,0.0,False,
848e1787,baseline_mh,MiniHack-MazeWalk-9x9-v0,5,1,SE,-0.01,False,
848e1787,baseline_mh,MiniHack-MazeWalk-9x9-v0,5,2,SE,-0.01,False,
848e1787,baseline_mh,MiniHack-MazeWalk-9x9-v0,5,3,NE,-0.01,False,
848e1787,baseline_mh,MiniHack-MazeWalk-9x9-v0,5,4,SW,-0.01,False,
848e1787,baseline_mh,MiniHack-MazeWalk-9x9-v0,5,5,NW,0.0,False,
848e1787,baseline_mh,MiniHack-MazeWalk-9x9-v0,5,6,SE,0.0,False,
848e1787,baseline_mh,MiniHack-MazeWalk-9x9-v0,5,7,SE,-0.01,False,
848e1787,baseline_mh,MiniHack-MazeWalk-9x9-v0,5,8,N,0.0,False,
848e1787,baseline_mh,MiniHack-MazeWalk-9x9-v0,5,9,SE,-0.01,False,
848e1787,baseline_mh,MiniHack-MazeWalk-9x9-v0,5,10,SE,-0.01,False,
848e1787,baseline_mh,MiniHack-MazeWalk-9x9-v0,5,11,NE,-0.01,False,
848e1787,baseline_mh,MiniHack-MazeWalk-9x9-v0,5,12,SW,-0.01,False,
848e1787,baseline_mh,MiniHack-MazeWalk-9x9-v0,5,13,N,0.0,False,
848e1787,baseline_mh,MiniHack-MazeWalk-9x9-v0,5,14,SE,-0.01,False,
848e1787,baseline_mh,MiniHack-MazeWalk-9x9-v0,5,15,SE,-0.01,False,
848e1787,baseline_mh,MiniHack-MazeWalk-9x9-v0,5,16,NE,-0.01,False,
848e1787,baseline_mh,MiniHack-MazeWalk-9x9-v0,5,17,SW,0.0,False,
848e1787,baseline_mh,MiniHack-MazeWalk-9x9-v0,5,18,SE,0.0,False,
848e1787,baseline_mh,MiniHack-MazeWalk-9x9-v0,5,19,SE,-0.01,False,
848e1787,baseline_mh,MiniHack-MazeWalk-9x9-v0,5,20,NW,0.0,False,
848e1787,baseline_mh,MiniHack-MazeWalk-9x9-v0,5,21,SE,0.0,False,
848e1787,baseline_mh,MiniHack-MazeWalk-9x9-v0,5,22,SE,-0.01,False,
848e1787,baseline_mh,MiniHack-MazeWalk-9x9-v0,5,23,NW,0.0,False,
848e1787,baseline_mh,MiniHack-MazeWalk-9x9-v0,5,24,SE,0.0,False,
848e1787,baseline_mh,MiniHack-MazeWalk-9x9-v0,5,25,SE,-0.01,False,
848e1787,baseline_mh,MiniHack-MazeWalk-9x9-v0,5,26,N,0.0,False,
848e1787,baseline_mh,MiniHack-MazeWalk-9x9-v0,5,27,SE,-0.01,False,
848e1787,baseline_mh,MiniHack-MazeWalk-9x9-v0,5,28,NW,-0.01,False,
848e1787,baseline_mh,MiniHack-MazeWalk-9x9-v0,5,29,N,0.0,False,
848e1787,baseline_mh,MiniHack-MazeWalk-9x9-v0,5,30,SE,-0.01,False,
848e1787,baseline_mh,MiniHack-MazeWalk-9x9-v0,5,31,SW,0.0,False,
848e1787,baseline_mh,MiniHack-MazeWalk-9x9-v0,5,32,SE,0.0,False,
848e1787,baseline_mh,MiniHack-MazeWalk-9x9-v0,5,33,SE,-0.01,False,
848e1787,baseline_mh,MiniHack-MazeWalk-9x9-v0,5,34,E,-0.01,False,
848e1787,baseline_mh,MiniHack-MazeWalk-9x9-v0,5,35,N,0.0,False,
848e1787,baseline_mh,MiniHack-MazeWalk-9x9-v0,5,36,SE,-0.01,False,
848e1787,baseline_mh,MiniHack-MazeWalk-9x9-v0,5,37,N,0.0,False,
848e1787,baseline_mh,MiniHack-MazeWalk-9x9-v0,5,38,SE,-0.01,False,
848e1787,baseline_mh,MiniHack-MazeWalk-9x9-v0,5,39,SW,0.0,False,
848e1787,baseline_mh,MiniHack-MazeWalk-9x9-v0,5,40,SE,0.0,False,
848e1787,baseline_mh,MiniHack-MazeWalk-9x9-v0,5,41,SE,-0.01,False,
848e1787,baseline_mh,MiniHack-MazeWalk-9x9-v0,5,42,N,0.0,False,
848e1787,baseline_mh,MiniHack-MazeWalk-9x9-v0,5,43,SE,-0.01,False,
848e1787,baseline_mh,MiniHack-MazeWalk-9x9-v0,5,44,E,-0.01,False,
848e1787,baseline_mh,MiniHack-MazeWalk-9x9-v0,5,45,S,0.0,False,
848e1787,baseline_mh,MiniHack-MazeWalk-9x9-v0,5,46,SE,-0.01,False,
848e1787,baseline_mh,MiniHack-MazeWalk-9x9-v0,5,47,N,0.0,False,
848e1787,baseline_mh,MiniHack-MazeWalk-9x9-v0,5,48,SE,-0.01,False,
848e1787,baseline_mh,MiniHack-MazeWalk-9x9-v0,5,49,S,0.0,False,
848e1787,baseline_mh,MiniHack-MazeWalk-9x9-v0,6,0,SE,-0.01,False,
848e1787,baseline_mh,MiniHack-MazeWalk-9x9-v0,6,1,E,0.0,False,
848e1787,baseline_mh,MiniHack-MazeWalk-9x9-v0,6,2,SE,-0.01,False,
848e1787,baseline_mh,MiniHack-MazeWalk-9x9-v0,6,3,SE,-0.01,False,
848e1787,baseline_mh,MiniHack-MazeWalk-9x9-v0,6,4,N,-0.01,False,
848e1787,baseline_mh,MiniHack-MazeWalk-9x9-v0,6,5,S,-0.01,False,
848e1787,baseline_mh,MiniHack-MazeWalk-9x9-v0,6,6,E,1.0,True,
848e1787,baseline_mh,MiniHack-MazeWalk-9x9-v0,7,0,SE,0.0,False,
848e1787,baseline_mh,MiniHack-MazeWalk-9x9-v0,7,1,SE,-0.01,False,
848e1787,baseline_mh,MiniHack-MazeWalk-9x9-v0,7,2,E,-0.01,False,
848e1787,baseline_mh,MiniHack-MazeWalk-9x9-v0,7,3,S,0.0,False,
848e1787,baseline_mh,MiniHack-MazeWalk-9x9-v0,7,4,SE,-0.01,False,
848e1787,baseline_mh,MiniHack-MazeWalk-9x9-v0,7,5,SE,-0.01,False,
848e1787,baseline_mh,MiniHack-MazeWalk-9x9-v0,7,6,S,-0.01,False,
848e1787,baseline_mh,MiniHack-MazeWalk-9x9-v0,7,7,NE,-0.01,False,
848e1787,baseline_mh,MiniHack-MazeWalk-9x9-v0,7,8,SW,-0.01,False,
848e1787,baseline_mh,MiniHack-MazeWalk-9x9-v0,7,9,N,0.0,False,
848e1787,baseline_mh,MiniHack-MazeWalk-9x9-v0,7,10,SE,-0.01,False,
848e1787,baseline_mh,MiniHack-MazeWalk-9x9-v0,7,11,SE,-0.01,False,
848e1787,baseline_mh,MiniHack-MazeWalk-9x9-v0,7,12,NE,-0.01,False,
848e1787,baseline_mh,MiniHack-MazeWalk-9x9-v0,7,13,SW,0.0,False,
848e1787,baseline_mh,MiniHack-MazeWalk-9x9-v0,7,14,SE,-0.01,False,
848e1787,baseline_mh,MiniHack-MazeWalk-9x9-v0,7,15,SE,-0.01,False,
848e1787,baseline_mh,MiniHack-MazeWalk-9x9-v0,7,16,NE,0.0,False,
848e1787,baseline_mh,MiniHack-MazeWalk-9x9-v0,7,17,SE,-0.01,False,
848e1787,baseline_mh,MiniHack-MazeWalk-9x9-v0,7,18,SW,0.0,False,
848e1787,baseline_mh,MiniHack-MazeWalk-9x9-v0,7,19,SE,-0.01,False,
848e1787,baseline_mh,MiniHack-MazeWalk-9x9-v0,7,20,SW,-0.01,False,
848e1787,baseline_mh,MiniHack-MazeWalk-9x9-v0,7,21,NE,0.0,False,
848e1787,baseline_mh,MiniHack-MazeWalk-9x9-v0,7,22,SE,-0.01,False,
848e1787,baseline_mh,MiniHack-MazeWalk-9x9-v0,7,23,NW,0.0,False,
848e1787,baseline_mh,MiniHack-MazeWalk-9x9-v0,7,24,E,0.0,False,
848e1787,baseline_mh,MiniHack-MazeWalk-9x9-v0,7,25,SE,-0.01,False,
848e1787,baseline_mh,MiniHack-MazeWalk-9x9-v0,7,26,SE,-0.01,False,
848e1787,baseline_mh,MiniHack-MazeWalk-9x9-v0,7,27,NE,-0.01,False,
848e1787,baseline_mh,MiniHack-MazeWalk-9x9-v0,7,28,SW,-0.01,False,
848e1787,baseline_mh,MiniHack-MazeWalk-9x9-v0,7,29,NW,-0.01,False,
848e1787,baseline_mh,MiniHack-MazeWalk-9x9-v0,7,30,E,-0.01,False,
848e1787,baseline_mh,MiniHack-MazeWalk-9x9-v0,7,31,N,-0.01,False,
848e1787,baseline_mh,MiniHack-MazeWalk-9x9-v0,7,32,S,0.0,False,
848e1787,baseline_mh,MiniHack-MazeWalk-9x9-v0,7,33,SE,-0.01,False,
848e1787,baseline_mh,MiniHack-MazeWalk-9x9-v0,7,34,S,0.0,False,
848e1787,baseline_mh,MiniHack-MazeWalk-9x9-v0,7,35,SE,-0.01,False,
848e1787,baseline_mh,MiniHack-MazeWalk-9x9-v0,7,36,E,-0.01,False,
848e1787,baseline_mh,MiniHack-MazeWalk-9x9-v0,7,37,N,0.0,False,
848e1787,baseline_mh,MiniHack-MazeWalk-9x9-v0,7,38,SE,-0.01,False,
848e1787,baseline_mh,MiniHack-MazeWalk-9x9-v0,7,39,SW,0.0,False,
848e1787,baseline_mh,MiniHack-MazeWalk-9x9-v0,7,40,SE,-0.01,False,
848e1787,baseline_mh,MiniHack-MazeWalk-9x9-v0,7,41,NE,0.0,False,
848e1787,baseline_mh,MiniHack-MazeWalk-9x9-v0,7,42,SE,-0.01,False,
848e1787,baseline_mh,MiniHack-MazeWalk-9x9-v0,7,43,SW,0.0,False,
848e1787,baseline_mh,MiniHack-MazeWalk-9x9-v0,7,44,SE,-0.01,False,
848e1787,baseline_mh,MiniHack-MazeWalk-9x9-v0,7,45,NE,0.0,False,
848e1787,baseline_mh,MiniHack-MazeWalk-9x9-v0,7,46,SE,-0.01,False,
848e1787,baseline_mh,MiniHack-MazeWalk-9x9-v0,7,47,SW,0.0,False,
848e1787,baseline_mh,MiniHack-MazeWalk-9x9-v0,7,48,SE,-0.01,False,
848e1787,baseline_mh,MiniHack-MazeWalk-9x9-v0,7,49,NE,0.0,False,
848e1787,baseline_mh,MiniHack-MazeWalk-9x9-v0,8,0,S,0.0,False,
848e1787,baseline_mh,MiniHack-MazeWalk-9x9-v0,8,1,SE,-0.01,False,
848e1787,baseline_mh,MiniHack-MazeWalk-9x9-v0,8,2,SE,-0.01,False,
848e1787,baseline_mh,MiniHack-MazeWalk-9x9-v0,8,3,NE,-0.01,False,
848e1787,baseline_mh,MiniHack-MazeWalk-9x9-v0,8,4,SW,-0.01,False,
848e1787,baseline_mh,MiniHack-MazeWalk-9x9-v0,8,5,NW,-0.01,False,
848e1787,baseline_mh,MiniHack-MazeWalk-9x9-v0,8,6,N,0.0,False,
848e1787,baseline_mh,MiniHack-MazeWalk-9x9-v0,8,7,SE,0.0,False,
848e1787,baseline_mh,MiniHack-MazeWalk-9x9-v0,8,8,SE,0.0,False,
848e1787,baseline_mh,MiniHack-MazeWalk-9x9-v0,8,9,SE,-0.01,False,
848e1787,baseline_mh,MiniHack-MazeWalk-9x9-v0,8,10,SE,-0.01,False,
848e1787,baseline_mh,MiniHack-MazeWalk-9x9-v0,8,11,NE,-0.01,False,
848e1787,baseline_mh,MiniHack-MazeWalk-9x9-v0,8,12,SW,-0.01,False,
848e1787,baseline_mh,MiniHack-MazeWalk-9x9-v0,8,13,E,-0.01,False,
848e1787,baseline_mh,MiniHack-MazeWalk-9x9-v0,8,14,N,0.0,False,
848e1787,baseline_mh,MiniHack-MazeWalk-9x9-v0,8,15,SE,-0.01,False,
848e1787,baseline_mh,MiniHack-MazeWalk-9x9-v0,8,16,SE,-0.01,False,
848e1787,baseline_mh,MiniHack-MazeWalk-9x9-v0,8,17,NE,-0.01,False,
848e1787,baseline_mh,MiniHack-MazeWalk-9x9-v0,8,18,SW,-0.01,False,
848e1787,baseline_mh,MiniHack-MazeWalk-9x9-v0,8,19,S,0.0,False,
848e1787,baseline_mh,MiniHack-MazeWalk-9x9-v0,8,20,SE,-0.01,False,
848e1787,baseline_mh,MiniHack-MazeWalk-9x9-v0,8,21,S,0.0,False,
848e1787,baseline_mh,MiniHack-MazeWalk-9x9-v0,8,22,SE,-0.01,False,
848e1787,baseline_mh,MiniHack-MazeWalk-9x9-v0,8,23,SE,-0.01,False,
848e1787,baseline_mh,MiniHack-MazeWalk-9x9-v0,8,24,NE,-0.01,False,
848e1787,baseline_mh,MiniHack-MazeWalk-9x9-v0,8,25,N,0.0,False,
848e1787,baseline_mh,MiniHack-MazeWalk-9x9-v0,8,26,SE,-0.01,False,
848e1787,baseline_mh,MiniHack-MazeWalk-9x9-v0,8,27,N,0.0,False,
848e1787,baseline_mh,MiniHack-MazeWalk-9x9-v0,8,28,SE,-0.01,False,
848e1787,baseline_mh,MiniHack-MazeWalk-9x9-v0,8,29,N,-0.01,False,
848e1787,baseline_mh,MiniHack-MazeWalk-9x9-v0,8,30,S,0.0,False,
848e1787,baseline_mh,MiniHack-MazeWalk-9x9-v0,8,31,SE,-0.01,False,
848e1787,baseline_mh,MiniHack-MazeWalk-9x9-v0,8,32,S,0.0,False,
848e1787,baseline_mh,MiniHack-MazeWalk-9x9-v0,8,33,SE,-0.01,False,
848e1787,baseline_mh,MiniHack-MazeWalk-9x9-v0,8,34,SW,-0.01,False,
848e1787,baseline_mh,MiniHack-MazeWalk-9x9-v0,8,35,N,0.0,False,
848e1787,baseline_mh,MiniHack-MazeWalk-9x9-v0,8,36,SE,-0.01,False,
848e1787,baseline_mh,MiniHack-MazeWalk-9x9-v0,8,37,N,0.0,False,
848e1787,baseline_mh,MiniHack-MazeWalk-9x9-v0,8,38,SE,-0.01,False,
848e1787,baseline_mh,MiniHack-MazeWalk-9x9-v0,8,39,S,0.0,False,
848e1787,baseline_mh,MiniHack-MazeWalk-9x9-v0,8,40,SE,-0.01,False,
848e1787,baseline_mh,MiniHack-MazeWalk-9x9-v0,8,41,S,0.0,False,
848e1787,baseline_mh,MiniHack-MazeWalk-9x9-v0,8,42,SE,-0.01,False,
848e1787,baseline_mh,MiniHack-MazeWalk-9x9-v0,8,43,N,0.0,False,
848e1787,baseline_mh,MiniHack-MazeWalk-9x9-v0,8,44,SE,-0.01,False,
848e1787,baseline_mh,MiniHack-MazeWalk-9x9-v0,8,45,S,0.0,False,
848e1787,baseline_mh,MiniHack-MazeWalk-9x9-v0,8,46,SE,-0.01,False,
848e1787,baseline_mh,MiniHack-MazeWalk-9x9-v0,8,47,N,0.0,False,
848e1787,baseline_mh,MiniHack-MazeWalk-9x9-v0,8,48,SE,-0.01,False,
848e1787,baseline_mh,MiniHack-MazeWalk-9x9-v0,8,49,S,0.0,False,
848e1787,baseline_mh,MiniHack-MazeWalk-9x9-v0,9,0,NW,-0.01,False,
848e1787,baseline_mh,MiniHack-MazeWalk-9x9-v0,9,1,S,0.0,False,
848e1787,baseline_mh,MiniHack-MazeWalk-9x9-v0,9,2,SE,-0.01,False,
848e1787,baseline_mh,MiniHack-MazeWalk-9x9-v0,9,3,SE,-0.01,False,
848e1787,baseline_mh,MiniHack-MazeWalk-9x9-v0,9,4,NE,-0.01,False,
848e1787,baseline_mh,MiniHack-MazeWalk-9x9-v0,9,5,NW,-0.01,False,
848e1787,baseline_mh,MiniHack-MazeWalk-9x9-v0,9,6,N,0.0,False,
848e1787,baseline_mh,MiniHack-MazeWalk-9x9-v0,9,7,NW,-0.01,False,
848e1787,baseline_mh,MiniHack-MazeWalk-9x9-v0,9,8,NW,-0.01,False,
848e1787,baseline_mh,MiniHack-MazeWalk-9x9-v0,9,9,SE,-0.01,False,
848e1787,baseline_mh,MiniHack-MazeWalk-9x9-v0,9,10,NE,-0.01,False,
848e1787,baseline_mh,MiniHack-MazeWalk-9x9-v0,9,11,N,0.0,False,
848e1787,baseline_mh,MiniHack-MazeWalk-9x9-v0,9,12,SE,-0.01,False,
848e1787,baseline_mh,MiniHack-MazeWalk-9x9-v0,9,13,SE,-0.01,False,
848e1787,baseline_mh,MiniHack-MazeWalk-9x9-v0,9,14,NE,-0.01,False,
848e1787,baseline_mh,MiniHack-MazeWalk-9x9-v0,9,15,N,0.0,False,
848e1787,baseline_mh,MiniHack-MazeWalk-9x9-v0,9,16,SE,-0.01,False,
848e1787,baseline_mh,MiniHack-MazeWalk-9x9-v0,9,17,SE,-0.01,False,
848e1787,baseline_mh,MiniHack-MazeWalk-9x9-v0,9,18,N,-0.01,False,
848e1787,baseline_mh,MiniHack-MazeWalk-9x9-v0,9,19,S,0.0,False,
848e1787,baseline_mh,MiniHack-MazeWalk-9x9-v0,9,20,SE,-0.01,False,
848e1787,baseline_mh,MiniHack-MazeWalk-9x9-v0,9,21,SW,-0.01,False,
848e1787,baseline_mh,MiniHack-MazeWalk-9x9-v0,9,22,S,0.0,False,
848e1787,baseline_mh,MiniHack-MazeWalk-9x9-v0,9,23,SE,-0.01,False,
848e1787,baseline_mh,MiniHack-MazeWalk-9x9-v0,9,24,N,0.0,False,
848e1787,baseline_mh,MiniHack-MazeWalk-9x9-v0,9,25,SE,-0.01,False,
848e1787,baseline_mh,MiniHack-MazeWalk-9x9-v0,9,26,NW,-0.01,False,
848e1787,baseline_mh,MiniHack-MazeWalk-9x9-v0,9,27,N,0.0,False,
848e1787,baseline_mh,MiniHack-MazeWalk-9x9-v0,9,28,SE,-0.01,False,
848e1787,baseline_mh,MiniHack-MazeWalk-9x9-v0,9,29,S,0.0,False,
848e1787,baseline_mh,MiniHack-MazeWalk-9x9-v0,9,30,SE,-0.01,False,
848e1787,baseline_mh,MiniHack-MazeWalk-9x9-v0,9,31,N,0.0,False,
848e1787,baseline_mh,MiniHack-MazeWalk-9x9-v0,9,32,SE,-0.01,False,
848e1787,baseline_mh,MiniHack-MazeWalk-9x9-v0,9,33,S,0.0,False,
848e1787,baseline_mh,MiniHack-MazeWalk-9x9-v0,9,34,SE,-0.01,False,
848e1787,baseline_mh,MiniHack-MazeWalk-9x9-v0,9,35,N,0.0,False,
848e1787,baseline_mh,MiniHack-MazeWalk-9x9-v0,9,36,SE,-0.01,False,
848e1787,baseline_mh,MiniHack-MazeWalk-9x9-v0,9,37,S,0.0,False,
848e1787,baseline_mh,MiniHack-MazeWalk-9x9-v0,9,38,SE,-0.01,False,
848e1787,baseline_mh,MiniHack-MazeWalk-9x9-v0,9,39,E,-0.01,False,
848e1787,baseline_mh,MiniHack-MazeWalk-9x9-v0,9,40,S,0.0,False,
848e1787,baseline_mh,MiniHack-MazeWalk-9x9-v0,9,41,SE,-0.01,False,
848e1787,baseline_mh,MiniHack-MazeWalk-9x9-v0,9,42,N,0.0,False,
848e1787,baseline_mh,MiniHack-MazeWalk-9x9-v0,9,43,SE,-0.01,False,
848e1787,baseline_mh,MiniHack-MazeWalk-9x9-v0,9,44,S,0.0,False,
848e1787,baseline_mh,MiniHack-MazeWalk-9x9-v0,9,45,S,0.0,False,
848e1787,baseline_mh,MiniHack-MazeWalk-9x9-v0,9,46,SE,-0.01,False,
848e1787,baseline_mh,MiniHack-MazeWalk-9x9-v0,9,47,SW,-0.01,False,
848e1787,baseline_mh,MiniHack-MazeWalk-9x9-v0,9,48,N,0.0,False,
848e1787,baseline_mh,MiniHack-MazeWalk-9x9-v0,9,49,SE,-0.01,False,
848e1787,baseline_mh,MiniHack-MazeWalk-9x9-v0,10,0,NW,-0.01,False,
848e1787,baseline_mh,MiniHack-MazeWalk-9x9-v0,10,1,E,0.0,False,
848e1787,baseline_mh,MiniHack-MazeWalk-9x9-v0,10,2,NW,0.0,False,
848e1787,baseline_mh,MiniHack-MazeWalk-9x9-v0,10,3,NW,-0.01,False,
848e1787,baseline_mh,MiniHack-MazeWalk-9x9-v0,10,4,N,0.0,False,
848e1787,baseline_mh,MiniHack-MazeWalk-9x9-v0,10,5,NW,-0.01,False,
848e1787,baseline_mh,MiniHack-MazeWalk-9x9-v0,10,6,NW,-0.01,False,
848e1787,baseline_mh,MiniHack-MazeWalk-9x9-v0,10,7,E,0.0,False,
848e1787,baseline_mh,MiniHack-MazeWalk-9x9-v0,10,8,NW,-0.01,False,
848e1787,baseline_mh,MiniHack-MazeWalk-9x9-v0,10,9,NW,-0.01,False,
848e1787,baseline_mh,MiniHack-MazeWalk-9x9-v0,10,10,S,-0.01,False,
848e1787,baseline_mh,MiniHack-MazeWalk-9x9-v0,10,11,E,0.0,False,
848e1787,baseline_mh,MiniHack-MazeWalk-9x9-v0,10,12,NE,-0.01,False,
848e1787,baseline_mh,MiniHack-MazeWalk-9x9-v0,10,13,NW,-0.01,False,
848e1787,baseline_mh,MiniHack-MazeWalk-9x9-v0,10,14,SE,-0.01,False,
848e1787,baseline_mh,MiniHack-MazeWalk-9x9-v0,10,15,NE,-0.01,False,
848e1787,baseline_mh,MiniHack-MazeWalk-9x9-v0,10,16,S,-0.01,False,
848e1787,baseline_mh,MiniHack-MazeWalk-9x9-v0,10,17,E,0.0,False,
848e1787,baseline_mh,MiniHack-MazeWalk-9x9-v0,10,18,SE,-0.01,False,
848e1787,baseline_mh,MiniHack-MazeWalk-9x9-v0,10,19,SE,-0.01,False,
848e1787,baseline_mh,MiniHack-MazeWalk-9x9-v0,10,20,NE,-0.01,False,
848e1787,baseline_mh,MiniHack-MazeWalk-9x9-v0,10,21,SW,-0.01,False,
848e1787,baseline_mh,MiniHack-MazeWalk-9x9-v0,10,22,NW,-0.01,False,
848e1787,baseline_mh,MiniHack-MazeWalk-9x9-v0,10,23,S,-0.01,False,
848e1787,baseline_mh,MiniHack-MazeWalk-9x9-v0,10,24,E,0.0,False,
848e1787,baseline_mh,MiniHack-MazeWalk-9x9-v0,10,25,N,-0.01,False,
848e1787,baseline_mh,MiniHack-MazeWalk-9x9-v0,10,26,NW,-0.01,False,
848e1787,baseline_mh,MiniHack-MazeWalk-9x9-v0,10,27,SE,-0.01,False,
848e1787,baseline_mh,MiniHack-MazeWalk-9x9-v0,10,28,N,-0.01,False,
848e1787,baseline_mh,MiniHack-MazeWalk-9x9-v0,10,29,E,0.0,False,
848e1787,baseline_mh,MiniHack-MazeWalk-9x9-v0,10,30,SE,0.0,False,
848e1787,baseline_mh,MiniHack-MazeWalk-9x9-v0,10,31,SE,-0.01,False,
848e1787,baseline_mh,MiniHack-MazeWalk-9x9-v0,10,32,SE,-0.01,False,
848e1787,baseline_mh,MiniHack-MazeWalk-9x9-v0,10,33,NE,-0.01,False,
848e1787,baseline_mh,MiniHack-MazeWalk-9x9-v0,10,34,SW,-0.01,False,
848e1787,baseline_mh,MiniHack-MazeWalk-9x9-v0,10,35,S,0.0,False,
848e1787,baseline_mh,MiniHack-MazeWalk-9x9-v0,10,36,S,0.0,False,
848e1787,baseline_mh,MiniHack-MazeWalk-9x9-v0,10,37,SE,-0.01,False,
848e1787,baseline_mh,MiniHack-MazeWalk-9x9-v0,10,38,SE,-0.01,False,
848e1787,baseline_mh,MiniHack-MazeWalk-9x9-v0,10,39,NE,-0.01,False,
848e1787,baseline_mh,MiniHack-MazeWalk-9x9-v0,10,40,SW,-0.01,False,
848e1787,baseline_mh,MiniHack-MazeWalk-9x9-v0,10,41,NW,-0.01,False,
848e1787,baseline_mh,MiniHack-MazeWalk-9x9-v0,10,42,N,0.0,False,
848e1787,baseline_mh,MiniHack-MazeWalk-9x9-v0,10,43,SE,-0.01,False,
848e1787,baseline_mh,MiniHack-MazeWalk-9x9-v0,10,44,SE,-0.01,False,
848e1787,baseline_mh,MiniHack-MazeWalk-9x9-v0,10,45,SW,-0.01,False,
848e1787,baseline_mh,MiniHack-MazeWalk-9x9-v0,10,46,NE,-0.01,False,
848e1787,baseline_mh,MiniHack-MazeWalk-9x9-v0,10,47,NW,-0.01,False,
848e1787,baseline_mh,MiniHack-MazeWalk-9x9-v0,10,48,E,-0.01,False,
848e1787,baseline_mh,MiniHack-MazeWalk-9x9-v0,10,49,S,0.0,False,
848e1787,baseline_mh,MiniHack-MazeWalk-9x9-v0,11,0,E,0.0,False,
848e1787,baseline_mh,MiniHack-MazeWalk-9x9-v0,11,1,SE,-0.01,False,
848e1787,baseline_mh,MiniHack-MazeWalk-9x9-v0,11,2,NE,0.0,False,
848e1787,baseline_mh,MiniHack-MazeWalk-9x9-v0,11,3,SE,0.0,False,
848e1787,baseline_mh,MiniHack-MazeWalk-9x9-v0,11,4,SE,-0.01,False,
848e1787,baseline_mh,MiniHack-MazeWalk-9x9-v0,11,5,NE,0.0,False,
848e1787,baseline_mh,MiniHack-MazeWalk-9x9-v0,11,6,SE,-0.01,False,
848e1787,baseline_mh,MiniHack-MazeWalk-9x9-v0,11,7,SE,-0.01,False,
848e1787,baseline_mh,MiniHack-MazeWalk-9x9-v0,11,8,NE,-0.01,False,
848e1787,baseline_mh,MiniHack-MazeWalk-9x9-v0,11,9,SW,0.0,False,
848e1787,baseline_mh,MiniHack-MazeWalk-9x9-v0,11,10,SE,-0.01,False,
848e1787,baseline_mh,MiniHack-MazeWalk-9x9-v0,11,11,SE,-0.01,False,
848e1787,baseline_mh,MiniHack-MazeWalk-9x9-v0,11,12,NE,0.0,False,
848e1787,baseline_mh,MiniHack-MazeWalk-9x9-v0,11,13,SE,-0.01,False,
848e1787,baseline_mh,MiniHack-MazeWalk-9x9-v0,11,14,N,0.0,False,
848e1787,baseline_mh,MiniHack-MazeWalk-9x9-v0,11,15,SE,-0.01,False,
848e1787,baseline_mh,MiniHack-MazeWalk-9x9-v0,11,16,SE,-0.01,False,
848e1787,baseline_mh,MiniHack-MazeWalk-9x9-v0,11,17,NE,-0.01,False,
848e1787,baseline_mh,MiniHack-MazeWalk-9x9-v0,11,18,SW,-0.01,False,
848e1787,baseline_mh,MiniHack-MazeWalk-9x9-v0,11,19,N,0.0,False,
848e1787,baseline_mh,MiniHack-MazeWalk-9x9-v0,11,20,SE,-0.01,False,
848e1787,baseline_mh,MiniHack-MazeWalk-9x9-v0,11,21,SE,-0.01,False,
848e1787,baseline_mh,MiniHack-MazeWalk-9x9-v0,11,22,NE,-0.01,False,
848e1787,baseline_mh,MiniHack-MazeWalk-9x9-v0,11,23,N,0.0,False,
848e1787,baseline_mh,MiniHack-MazeWalk-9x9-v0,11,24,SE,-0.01,False,
848e1787,baseline_mh,MiniHack-MazeWalk-9x9-v0,11,25,SE,-0.01,False,
848e1787,baseline_mh,MiniHack-MazeWalk-9x9-v0,11,26,NE,-0.01,False,
848e1787,baseline_mh,MiniHack-MazeWalk-9x9-v0,11,27,SW,-0.01,False,
848e1787,baseline_mh,MiniHack-MazeWalk-9x9-v0,11,28,N,-0.01,False,
848e1787,baseline_mh,MiniHack-MazeWalk-9x9-v0,11,29,E,-0.01,False,
848e1787,baseline_mh,MiniHack-MazeWalk-9x9-v0,11,30,S,0.0,False,
848e1787,baseline_mh,MiniHack-MazeWalk-9x9-v0,11,31,SE,-0.01,False,
848e1787,baseline_mh,MiniHack-MazeWalk-9x9-v0,11,32,SE,-0.01,False,
848e1787,baseline_mh,MiniHack-MazeWalk-9x9-v0,11,33,NE,-0.01,False,
848e1787,baseline_mh,MiniHack-MazeWalk-9x9-v0,11,34,SW,-0.01,False,
848e1787,baseline_mh,MiniHack-MazeWalk-9x9-v0,11,35,NW,0.0,False,
848e1787,baseline_mh,MiniHack-MazeWalk-9x9-v0,11,36,SE,0.0,False,
848e1787,baseline_mh,MiniHack-MazeWalk-9x9-v0,11,37,SE,-0.01,False,
848e1787,baseline_mh,MiniHack-MazeWalk-9x9-v0,11,38,N,0.0,False,
848e1787,baseline_mh,MiniHack-MazeWalk-9x9-v0,11,39,SE,-0.01,False,
848e1787,baseline_mh,MiniHack-MazeWalk-9x9-v0,11,40,S,0.0,False,
848e1787,baseline_mh,MiniHack-MazeWalk-9x9-v0,11,41,SE,-0.01,False,
848e1787,baseline_mh,MiniHack-MazeWalk-9x9-v0,11,42,N,0.0,False,
848e1787,baseline_mh,MiniHack-MazeWalk-9x9-v0,11,43,SE,-0.01,False,
848e1787,baseline_mh,MiniHack-MazeWalk-9x9-v0,11,44,W,0.0,False,
848e1787,baseline_mh,MiniHack-MazeWalk-9x9-v0,11,45,SE,0.0,False,
848e1787,baseline_mh,MiniHack-MazeWalk-9x9-v0,11,46,SE,-0.01,False,
848e1787,baseline_mh,MiniHack-MazeWalk-9x9-v0,11,47,N,0.0,False,
848e1787,baseline_mh,MiniHack-MazeWalk-9x9-v0,11,48,SE,-0.01,False,
848e1787,baseline_mh,MiniHack-MazeWalk-9x9-v0,11,49,S,0.0,False,
848e1787,baseline_mh,MiniHack-MazeWalk-9x9-v0,12,0,NW,-0.01,False,
848e1787,baseline_mh,MiniHack-MazeWalk-9x9-v0,12,1,NW,-0.01,False,
848e1787,baseline_mh,MiniHack-MazeWalk-9x9-v0,12,2,E,-0.01,False,
848e1787,baseline_mh,MiniHack-MazeWalk-9x9-v0,12,3,S,0.0,False,
848e1787,baseline_mh,MiniHack-MazeWalk-9x9-v0,12,4,S,0.0,False,
848e1787,baseline_mh,MiniHack-MazeWalk-9x9-v0,12,5,S,0.0,False,
848e1787,baseline_mh,MiniHack-MazeWalk-9x9-v0,12,6,S,0.0,False,
848e1787,baseline_mh,MiniHack-MazeWalk-9x9-v0,12,7,SE,0.0,False,
848e1787,baseline_mh,MiniHack-MazeWalk-9x9-v0,12,8,SE,-0.01,False,
848e1787,baseline_mh,MiniHack-MazeWalk-9x9-v0,12,9,SE,-0.01,False,
848e1787,baseline_mh,MiniHack-MazeWalk-9x9-v0,12,10,NE,0.0,False,
848e1787,baseline_mh,MiniHack-MazeWalk-9x9-v0,12,11,SE,-0.01,False,
848e1787,baseline_mh,MiniHack-MazeWalk-9x9-v0,12,12,SE,-0.01,False,
848e1787,baseline_mh,MiniHack-MazeWalk-9x9-v0,12,13,NE,0.0,False,
848e1787,baseline_mh,MiniHack-MazeWalk-9x9-v0,12,14,SE,0.0,False,
848e1787,baseline_mh,MiniHack-MazeWalk-9x9-v0,12,15,SE,0.0,False,
848e1787,baseline_mh,MiniHack-MazeWalk-9x9-v0,12,16,SE,-0.01,False,
848e1787,baseline_mh,MiniHack-MazeWalk-9x9-v0,12,17,SE,-0.01,False,
848e1787,baseline_mh,MiniHack-MazeWalk-9x9-v0,12,18,NE,0.0,False,
848e1787,baseline_mh,MiniHack-MazeWalk-9x9-v0,12,19,SE,-0.01,False,
848e1787,baseline_mh,MiniHack-MazeWalk-9x9-v0,12,20,SE,-0.01,False,
848e1787,baseline_mh,MiniHack-MazeWalk-9x9-v0,12,21,NE,-0.01,False,
848e1787,baseline_mh,MiniHack-MazeWalk-9x9-v0,12,22,SW,0.0,False,
848e1787,baseline_mh,MiniHack-MazeWalk-9x9-v0,12,23,SE,-0.01,False,
848e1787,baseline_mh,MiniHack-MazeWalk-9x9-v0,12,24,SE,-0.01,False,
848e1787,baseline_mh,MiniHack-MazeWalk-9x9-v0,12,25,NE,0.0,False,
848e1787,baseline_mh,MiniHack-MazeWalk-9x9-v0,12,26,SE,-0.01,False,
848e1787,baseline_mh,MiniHack-MazeWalk-9x9-v0,12,27,N,0.0,False,
848e1787,baseline_mh,MiniHack-MazeWalk-9x9-v0,12,28,SE,-0.01,False,
848e1787,baseline_mh,MiniHack-MazeWalk-9x9-v0,12,29,SE,-0.01,False,
848e1787,baseline_mh,MiniHack-MazeWalk-9x9-v0,12,30,NE,-0.01,False,
848e1787,baseline_mh,MiniHack-MazeWalk-9x9-v0,12,31,SW,-0.01,False,
848e1787,baseline_mh,MiniHack-MazeWalk-9x9-v0,12,32,N,0.0,False,
848e1787,baseline_mh,MiniHack-MazeWalk-9x9-v0,12,33,SE,-0.01,False,
848e1787,baseline_mh,MiniHack-MazeWalk-9x9-v0,12,34,SE,-0.01,False,
848e1787,baseline_mh,MiniHack-MazeWalk-9x9-v0,12,35,NE,-0.01,False,
848e1787,baseline_mh,MiniHack-MazeWalk-9x9-v0,12,36,SW,-0.01,False,
848e1787,baseline_mh,MiniHack-MazeWalk-9x9-v0,12,37,N,0.0,False,
848e1787,baseline_mh,MiniHack-MazeWalk-9x9-v0,12,38,SE,-0.01,False,
848e1787,baseline_mh,MiniHack-MazeWalk-9x9-v0,12,39,SE,-0.01,False,
848e1787,baseline_mh,MiniHack-MazeWalk-9x9-v0,12,40,NE,-0.01,False,
848e1787,baseline_mh,MiniHack-MazeWalk-9x9-v0,12,41,SW,-0.01,False,
848e1787,baseline_mh,MiniHack-MazeWalk-9x9-v0,12,42,N,-0.01,False,
848e1787,baseline_mh,MiniHack-MazeWalk-9x9-v0,12,43,E,-0.01,False,
848e1787,baseline_mh,MiniHack-MazeWalk-9x9-v0,12,44,S,0.0,False,
848e1787,baseline_mh,MiniHack-MazeWalk-9x9-v0,12,45,SE,-0.01,False,
848e1787,baseline_mh,MiniHack-MazeWalk-9x9-v0,12,46,E,-0.01,False,
848e1787,baseline_mh,MiniHack-MazeWalk-9x9-v0,12,47,W,-0.01,False,
848e1787,baseline_mh,MiniHack-MazeWalk-9x9-v0,12,48,N,0.0,False,
848e1787,baseline_mh,MiniHack-MazeWalk-9x9-v0,12,49,SE,-0.01,False,
848e1787,baseline_mh,MiniHack-MazeWalk-9x9-v0,13,0,SE,-0.01,False,
848e1787,baseline_mh,MiniHack-MazeWalk-9x9-v0,13,1,S,0.0,False,
848e1787,baseline_mh,MiniHack-MazeWalk-9x9-v0,13,2,SE,-0.01,False,
848e1787,baseline_mh,MiniHack-MazeWalk-9x9-v0,13,3,SE,-0.01,False,
848e1787,baseline_mh,MiniHack-MazeWalk-9x9-v0,13,4,N,0.0,False,
848e1787,baseline_mh,MiniHack-MazeWalk-9x9-v0,13,5,SE,-0.01,False,
848e1787,baseline_mh,MiniHack-MazeWalk-9x9-v0,13,6,SE,-0.01,False,
848e1787,baseline_mh,MiniHack-MazeWalk-9x9-v0,13,7,S,0.0,False,
848e1787,baseline_mh,MiniHack-MazeWalk-9x9-v0,13,8,SE,-0.01,False,
848e1787,baseline_mh,MiniHack-MazeWalk-9x9-v0,13,9,NE,-0.01,False,
848e1787,baseline_mh,MiniHack-MazeWalk-9x9-v0,13,10,N,0.0,False,
848e1787,baseline_mh,MiniHack-MazeWalk-9x9-v0,13,11,SE,-0.01,False,
848e1787,baseline_mh,MiniHack-MazeWalk-9x9-v0,13,12,NE,-0.01,False,
848e1787,baseline_mh,MiniHack-MazeWalk-9x9-v0,13,13,S,0.0,False,
848e1787,baseline_mh,MiniHack-MazeWalk-9x9-v0,13,14,SE,-0.01,False,
848e1787,baseline_mh,MiniHack-MazeWalk-9x9-v0,13,15,SW,-0.01,False,
848e1787,baseline_mh,MiniHack-MazeWalk-9x9-v0,13,16,NW,-0.01,False,
848e1787,baseline_mh,MiniHack-MazeWalk-9x9-v0,13,17,E,-0.01,False,
848e1787,baseline_mh,MiniHack-MazeWalk-9x9-v0,13,18,N,0.0,False,
848e1787,baseline_mh,MiniHack-MazeWalk-9x9-v0,13,19,SE,-0.01,False,
848e1787,baseline_mh,MiniHack-MazeWalk-9x9-v0,13,20,S,0.0,False,
848e1787,baseline_mh,MiniHack-MazeWalk-9x9-v0,13,21,SE,-0.01,False,
848e1787,baseline_mh,MiniHack-MazeWalk-9x9-v0,13,22,N,0.0,False,
848e1787,baseline_mh,MiniHack-MazeWalk-9x9-v0,13,23,SE,-0.01,False,
848e1787,baseline_mh,MiniHack-MazeWalk-9x9-v0,13,24,SW,0.0,False,
848e1787,baseline_mh,MiniHack-MazeWalk-9x9-v0,13,25,SE,-0.01,False,
848e1787,baseline_mh,MiniHack-MazeWalk-9x9-v0,13,26,SE,-0.01,False,
848e1787,baseline_mh,MiniHack-MazeWalk-9x9-v0,13,27,N,-0.01,False,
848e1787,baseline_mh,MiniHack-MazeWalk-9x9-v0,13,28,E,0.0,False,
848e1787,baseline_mh,MiniHack-MazeWalk-9x9-v0,13,29,SE,-0.01,False,
848e1787,baseline_mh,MiniHack-MazeWalk-9x9-v0,13,30,SE,-0.01,False,
848e1787,baseline_mh,MiniHack-MazeWalk-9x9-v0,13,31,SW,-0.01,False,
848e1787,baseline_mh,MiniHack-MazeWalk-9x9-v0,13,32,N,0.0,False,
848e1787,baseline_mh,MiniHack-MazeWalk-9x9-v0,13,33,SE,-0.01,False,
848e1787,baseline_mh,MiniHack-MazeWalk-9x9-v0,13,34,SE,-0.01,False,
848e1787,baseline_mh,MiniHack-MazeWalk-9x9-v0,13,35,N,0.0,False,
848e1787,baseline_mh,MiniHack-MazeWalk-9x9-v0,13,36,SE,-0.01,False,
848e1787,baseline_mh,MiniHack-MazeWalk-9x9-v0,13,37,SE,-0.01,False,
848e1787,baseline_mh,MiniHack-MazeWalk-9x9-v0,13,38,N,-0.01,False,
848e1787,baseline_mh,MiniHack-MazeWalk-9x9-v0,13,39,E,-0.01,False,
848e1787,baseline_mh,MiniHack-MazeWalk-9x9-v0,13,40,S,0.0,False,
848e1787,baseline_mh,MiniHack-MazeWalk-9x9-v0,13,41,SE,-0.01,False,
848e1787,baseline_mh,MiniHack-MazeWalk-9x9-v0,13,42,S,0.0,False,
848e1787,baseline_mh,MiniHack-MazeWalk-9x9-v0,13,43,SE,-0.01,False,
848e1787,baseline_mh,MiniHack-MazeWalk-9x9-v0,13,44,NE,-0.01,False,
848e1787,baseline_mh,MiniHack-MazeWalk-9x9-v0,13,45,N,0.0,False,
848e1787,baseline_mh,MiniHack-MazeWalk-9x9-v0,13,46,SE,-0.01,False,
848e1787,baseline_mh,MiniHack-MazeWalk-9x9-v0,13,47,NE,-0.01,False,
848e1787,baseline_mh,MiniHack-MazeWalk-9x9-v0,13,48,SW,0.0,False,
848e1787,baseline_mh,MiniHack-MazeWalk-9x9-v0,13,49,SE,-0.01,False,
848e1787,baseline_mh,MiniHack-MazeWalk-9x9-v0,14,0,NW,-0.01,False,
848e1787,baseline_mh,MiniHack-MazeWalk-9x9-v0,14,1,E,0.0,False,
848e1787,baseline_mh,MiniHack-MazeWalk-9x9-v0,14,2,S,0.0,False,
848e1787,baseline_mh,MiniHack-MazeWalk-9x9-v0,14,3,S,0.0,False,
848e1787,baseline_mh,MiniHack-MazeWalk-9x9-v0,14,4,E,-0.01,False,
848e1787,baseline_mh,MiniHack-MazeWalk-9x9-v0,14,5,NW,-0.01,False,
848e1787,baseline_mh,MiniHack-MazeWalk-9x9-v0,14,6,E,-0.01,False,
848e1787,baseline_mh,MiniHack-MazeWalk-9x9-v0,14,7,S,0.0,False,
848e1787,baseline_mh,MiniHack-MazeWalk-9x9-v0,14,8,N,0.0,False,
848e1787,baseline_mh,MiniHack-MazeWalk-9x9-v0,14,9,S,0.0,False,
848e1787,baseline_mh,MiniHack-MazeWalk-9x9-v0,14,10,S,0.0,False,
848e1787,baseline_mh,MiniHack-MazeWalk-9x9-v0,14,11,E,-0.01,False,
848e1787,baseline_mh,MiniHack-MazeWalk-9x9-v0,14,12,SE,-0.01,False,
848e1787,baseline_mh,MiniHack-MazeWalk-9x9-v0,14,13,NE,-0.01,False,
848e1787,baseline_mh,MiniHack-MazeWalk-9x9-v0,14,14,S,0.0,False,
848e1787,baseline_mh,MiniHack-MazeWalk-9x9-v0,14,15,SE,-0.01,False,
848e1787,baseline_mh,MiniHack-MazeWalk-9x9-v0,14,16,SE,-0.01,False,
848e1787,baseline_mh,MiniHack-MazeWalk-9x9-v0,14,17,NE,-0.01,False,
848e1787,baseline_mh,MiniHack-MazeWalk-9x9-v0,14,18,N,0.0,False,
848e1787,baseline_mh,MiniHack-MazeWalk-9x9-v0,14,19,SE,-0.01,False,
848e1787,baseline_mh,MiniHack-MazeWalk-9x9-v0,14,20,SE,-0.01,False,
848e1787,baseline_mh,MiniHack-MazeWalk-9x9-v0,14,21,NE,-0.01,False,
848e1787,baseline_mh,MiniHack-MazeWalk-9x9-v0,14,22,SW,-0.01,False,
848e1787,baseline_mh,MiniHack-MazeWalk-9x9-v0,14,23,N,0.0,False,
848e1787,baseline_mh,MiniHack-MazeWalk-9x9-v0,14,24,SE,-0.01,False,
848e1787,baseline_mh,MiniHack-MazeWalk-9x9-v0,14,25,SE,-0.01,False,
848e1787,baseline_mh,MiniHack-MazeWalk-9x9-v0,14,26,NE,-0.01,False,
848e1787,baseline_mh,MiniHack-MazeWalk-9x9-v0,14,27,N,0.0,False,
848e1787,baseline_mh,MiniHack-MazeWalk-9x9-v0,14,28,SE,-0.01,False,
848e1787,baseline_mh,MiniHack-MazeWalk-9x9-v0,14,29,SE,-0.01,False,
848e1787,baseline_mh,MiniHack-MazeWalk-9x9-v0,14,30,NE,-0.01,False,
848e1787,baseline_mh,MiniHack-MazeWalk-9x9-v0,14,31,SW,-0.01,False,
848e1787,baseline_mh,MiniHack-MazeWalk-9x9-v0,14,32,N,0.0,False,
848e1787,baseline_mh,MiniHack-MazeWalk-9x9-v0,14,33,SE,-0.01,False,
848e1787,baseline_mh,MiniHack-MazeWalk-9x9-v0,14,34,SE,-0.01,False,
848e1787,baseline_mh,MiniHack-MazeWalk-9x9-v0,14,35,NE,-0.01,False,
848e1787,baseline_mh,MiniHack-MazeWalk-9x9-v0,14,36,N,0.0,False,
848e1787,baseline_mh,MiniHack-MazeWalk-9x9-v0,14,37,SE,-0.01,False,
848e1787,baseline_mh,MiniHack-MazeWalk-9x9-v0,14,38,SE,-0.01,False,
848e1787,baseline_mh,MiniHack-MazeWalk-9x9-v0,14,39,NE,-0.01,False,
848e1787,baseline_mh,MiniHack-MazeWalk-9x9-v0,14,40,SW,-0.01,False,
848e1787,baseline_mh,MiniHack-MazeWalk-9x9-v0,14,41,N,-0.01,False,
848e1787,baseline_mh,MiniHack-MazeWalk-9x9-v0,14,42,S,0.0,False,
848e1787,baseline_mh,MiniHack-MazeWalk-9x9-v0,14,43,NE,-0.01,False,
848e1787,baseline_mh,MiniHack-MazeWalk-9x9-v0,14,44,S,0.0,False,
848e1787,baseline_mh,MiniHack-MazeWalk-9x9-v0,14,45,SE,-0.01,False,
848e1787,baseline_mh,MiniHack-MazeWalk-9x9-v0,14,46,NW,-0.01,False,
848e1787,baseline_mh,MiniHack-MazeWalk-9x9-v0,14,47,E,-0.01,False,
848e1787,baseline_mh,MiniHack-MazeWalk-9x9-v0,14,48,S,0.0,False,
848e1787,baseline_mh,MiniHack-MazeWalk-9x9-v0,14,49,E,-0.01,False,
848e1787,baseline_mh,MiniHack-MazeWalk-9x9-v0,15,0,NW,-0.01,False,
848e1787,baseline_mh,MiniHack-MazeWalk-9x9-v0,15,1,NW,-0.01,False,
848e1787,baseline_mh,MiniHack-MazeWalk-9x9-v0,15,2,E,0.0,False,
848e1787,baseline_mh,MiniHack-MazeWalk-9x9-v0,15,3,NW,-0.01,False,
848e1787,baseline_mh,MiniHack-MazeWalk-9x9-v0,15,4,NW,-0.01,False,
848e1787,baseline_mh,MiniHack-MazeWalk-9x9-v0,15,5,E,0.0,False,
848e1787,baseline_mh,MiniHack-MazeWalk-9x9-v0,15,6,E,0.0,False,
848e1787,baseline_mh,MiniHack-MazeWalk-9x9-v0,15,7,E,-0.01,False,
848e1787,baseline_mh,MiniHack-MazeWalk-9x9-v0,15,8,E,-0.01,False,
848e1787,baseline_mh,MiniHack-MazeWalk-9x9-v0,15,9,NW,-0.01,False,
848e1787,baseline_mh,MiniHack-MazeWalk-9x9-v0,15,10,S,-0.01,False,
848e1787,baseline_mh,MiniHack-MazeWalk-9x9-v0,15,11,N,1.0,True,
848e1787,baseline_mh,MiniHack-MazeWalk-9x9-v0,16,0,NW,-0.01,False,
848e1787,baseline_mh,MiniHack-MazeWalk-9x9-v0,16,1,S,0.0,False,
848e1787,baseline_mh,MiniHack-MazeWalk-9x9-v0,16,2,E,-0.01,False,
848e1787,baseline_mh,MiniHack-MazeWalk-9x9-v0,16,3,NW,-0.01,False,
848e1787,baseline_mh,MiniHack-MazeWalk-9x9-v0,16,4,S,0.0,False,
848e1787,baseline_mh,MiniHack-MazeWalk-9x9-v0,16,5,NW,-0.01,False,
848e1787,baseline_mh,MiniHack-MazeWalk-9x9-v0,16,6,NW,-0.01,False,
848e1787,baseline_mh,MiniHack-MazeWalk-9x9-v0,16,7,S,0.0,False,
848e1787,baseline_mh,MiniHack-MazeWalk-9x9-v0,16,8,S,0.0,False,
848e1787,baseline_mh,MiniHack-MazeWalk-9x9-v0,16,9,SE,0.0,False,
848e1787,baseline_mh,MiniHack-MazeWalk-9x9-v0,16,10,SE,-0.01,False,
848e1787,baseline_mh,MiniHack-MazeWalk-9x9-v0,16,11,SE,-0.01,False,
848e1787,baseline_mh,MiniHack-MazeWalk-9x9-v0,16,12,NE,-0.01,False,
848e1787,baseline_mh,MiniHack-MazeWalk-9x9-v0,16,13,SW,-0.01,False,
848e1787,baseline_mh,MiniHack-MazeWalk-9x9-v0,16,14,N,-0.01,False,
848e1787,baseline_mh,MiniHack-MazeWalk-9x9-v0,16,15,E,0.0,False,
848e1787,baseline_mh,MiniHack-MazeWalk-9x9-v0,16,16,SE,-0.01,False,
848e1787,baseline_mh,MiniHack-MazeWalk-9x9-v0,16,17,N,-0.01,False,
848e1787,baseline_mh,MiniHack-MazeWalk-9x9-v0,16,18,E,0.0,False,
848e1787,baseline_mh,MiniHack-MazeWalk-9x9-v0,16,19,SE,-0.01,False,
848e1787,baseline_mh,MiniHack-MazeWalk-9x9-v0,16,20,SE,-0.01,False,
848e1787,baseline_mh,MiniHack-MazeWalk-9x9-v0,16,21,N,-0.01,False,
848e1787,baseline_mh,MiniHack-MazeWalk-9x9-v0,16,22,S,-0.01,False,
848e1787,baseline_mh,MiniHack-MazeWalk-9x9-v0,16,23,E,0.0,False,
848e1787,baseline_mh,MiniHack-MazeWalk-9x9-v0,16,24,SE,-0.01,False,
848e1787,baseline_mh,MiniHack-MazeWalk-9x9-v0,16,25,SE,-0.01,False,
848e1787,baseline_mh,MiniHack-MazeWalk-9x9-v0,16,26,N,0.0,False,
848e1787,baseline_mh,MiniHack-MazeWalk-9x9-v0,16,27,SE,-0.01,False,
848e1787,baseline_mh,MiniHack-MazeWalk-9x9-v0,16,28,SE,-0.01,False,
848e1787,baseline_mh,MiniHack-MazeWalk-9x9-v0,16,29,NE,0.0,False,
848e1787,baseline_mh,MiniHack-MazeWalk-9x9-v0,16,30,SE,0.0,False,
848e1787,baseline_mh,MiniHack-MazeWalk-9x9-v0,16,31,SE,-0.01,False,
848e1787,baseline_mh,MiniHack-MazeWalk-9x9-v0,16,32,SE,-0.01,False,
848e1787,baseline_mh,MiniHack-MazeWalk-9x9-v0,16,33,NE,-0.01,False,
848e1787,baseline_mh,MiniHack-MazeWalk-9x9-v0,16,34,SW,-0.01,False,
848e1787,baseline_mh,MiniHack-MazeWalk-9x9-v0,16,35,N,0.0,False,
848e1787,baseline_mh,MiniHack-MazeWalk-9x9-v0,16,36,SE,-0.01,False,
848e1787,baseline_mh,MiniHack-MazeWalk-9x9-v0,16,37,E,-0.01,False,
848e1787,baseline_mh,MiniHack-MazeWalk-9x9-v0,16,38,SE,-0.01,False,
848e1787,baseline_mh,MiniHack-MazeWalk-9x9-v0,16,39,N,0.0,False,
848e1787,baseline_mh,MiniHack-MazeWalk-9x9-v0,16,40,SE,-0.01,False,
848e1787,baseline_mh,MiniHack-MazeWalk-9x9-v0,16,41,SE,-0.01,False,
848e1787,baseline_mh,MiniHack-MazeWalk-9x9-v0,16,42,N,0.0,False,
848e1787,baseline_mh,MiniHack-MazeWalk-9x9-v0,16,43,SE,-0.01,False,
848e1787,baseline_mh,MiniHack-MazeWalk-9x9-v0,16,44,SE,-0.01,False,
848e1787,baseline_mh,MiniHack-MazeWalk-9x9-v0,16,45,NE,-0.01,False,
848e1787,baseline_mh,MiniHack-MazeWalk-9x9-v0,16,46,E,-0.01,False,
848e1787,baseline_mh,MiniHack-MazeWalk-9x9-v0,16,47,S,0.0,False,
848e1787,baseline_mh,MiniHack-MazeWalk-9x9-v0,16,48,SE,-0.01,False,
848e1787,baseline_mh,MiniHack-MazeWalk-9x9-v0,16,49,NE,-0.01,False,
848e1787,baseline_mh,MiniHack-MazeWalk-9x9-v0,17,0,E,0.0,False,
848e1787,baseline_mh,MiniHack-MazeWalk-9x9-v0,17,1,SE,-0.01,False,
848e1787,baseline_mh,MiniHack-MazeWalk-9x9-v0,17,2,NE,-0.01,False,
848e1787,baseline_mh,MiniHack-MazeWalk-9x9-v0,17,3,SE,-0.01,False,
848e1787,baseline_mh,MiniHack-MazeWalk-9x9-v0,17,4,SW,-0.01,False,
848e1787,baseline_mh,MiniHack-MazeWalk-9x9-v0,17,5,NW,-0.01,False,
848e1787,baseline_mh,MiniHack-MazeWalk-9x9-v0,17,6,N,-0.01,False,
848e1787,baseline_mh,MiniHack-MazeWalk-9x9-v0,17,7,E,0.0,False,
848e1787,baseline_mh,MiniHack-MazeWalk-9x9-v0,17,8,SE,-0.01,False,
848e1787,baseline_mh,MiniHack-MazeWalk-9x9-v0,17,9,SE,-0.01,False,
848e1787,baseline_mh,MiniHack-MazeWalk-9x9-v0,17,10,NE,-0.01,False,
848e1787,baseline_mh,MiniHack-MazeWalk-9x9-v0,17,11,SW,-0.01,False,
848e1787,baseline_mh,MiniHack-MazeWalk-9x9-v0,17,12,N,-0.01,False,
848e1787,baseline_mh,MiniHack-MazeWalk-9x9-v0,17,13,E,0.0,False,
848e1787,baseline_mh,MiniHack-MazeWalk-9x9-v0,17,14,SE,-0.01,False,
848e1787,baseline_mh,MiniHack-MazeWalk-9x9-v0,17,15,SE,-0.01,False,
848e1787,baseline_mh,MiniHack-MazeWalk-9x9-v0,17,16,NE,-0.01,False,
848e1787,baseline_mh,MiniHack-MazeWalk-9x9-v0,17,17,SW,-0.01,False,
848e1787,baseline_mh,MiniHack-MazeWalk-9x9-v0,17,18,NW,-0.01,False,
848e1787,baseline_mh,MiniHack-MazeWalk-9x9-v0,17,19,E,0.0,False,
848e1787,baseline_mh,MiniHack-MazeWalk-9x9-v0,17,20,SE,-0.01,False,
848e1787,baseline_mh,MiniHack-MazeWalk-9x9-v0,17,21,SE,-0.01,False,
848e1787,baseline_mh,MiniHack-MazeWalk-9x9-v0,17,22,NE,0.0,False,
848e1787,baseline_mh,MiniHack-MazeWalk-9x9-v0,17,23,SE,-0.01,False,
848e1787,baseline_mh,MiniHack-MazeWalk-9x9-v0,17,24,SE,-0.01,False,
848e1787,baseline_mh,MiniHack-MazeWalk-9x9-v0,17,25,NE,-0.01,False,
848e1787,baseline_mh,MiniHack-MazeWalk-9x9-v0,17,26,SW,0.0,False,
848e1787,baseline_mh,MiniHack-MazeWalk-9x9-v0,17,27,SE,-0.01,False,
848e1787,baseline_mh,MiniHack-MazeWalk-9x9-v0,17,28,SE,-0.01,False,
848e1787,baseline_mh,MiniHack-MazeWalk-9x9-v0,17,29,NE,0.0,False,
848e1787,baseline_mh,MiniHack-MazeWalk-9x9-v0,17,30,SE,-0.01,False,
848e1787,baseline_mh,MiniHack-MazeWalk-9x9-v0,17,31,N,0.0,False,
848e1787,baseline_mh,MiniHack-MazeWalk-9x9-v0,17,32,SE,-0.01,False,
848e1787,baseline_mh,MiniHack-MazeWalk-9x9-v0,17,33,SE,-0.01,False,
848e1787,baseline_mh,MiniHack-MazeWalk-9x9-v0,17,34,NE,-0.01,False,
848e1787,baseline_mh,MiniHack-MazeWalk-9x9-v0,17,35,SW,-0.01,False,
848e1787,baseline_mh,MiniHack-MazeWalk-9x9-v0,17,36,N,1.0,True,
848e1787,baseline_mh,MiniHack-MazeWalk-9x9-v0,18,0,NW,0.0,False,
848e1787,baseline_mh,MiniHack-MazeWalk-9x9-v0,18,1,SE,0.0,False,
848e1787,baseline_mh,MiniHack-MazeWalk-9x9-v0,18,2,E,0.0,False,
848e1787,baseline_mh,MiniHack-MazeWalk-9x9-v0,18,3,SE,-0.01,False,
848e1787,baseline_mh,MiniHack-MazeWalk-9x9-v0,18,4,SE,-0.01,False,
848e1787,baseline_mh,MiniHack-MazeWalk-9x9-v0,18,5,NE,-0.01,False,
848e1787,baseline_mh,MiniHack-MazeWalk-9x9-v0,18,6,SW,-0.01,False,
848e1787,baseline_mh,MiniHack-MazeWalk-9x9-v0,18,7,N,0.0,False,
848e1787,baseline_mh,MiniHack-MazeWalk-9x9-v0,18,8,SE,0.0,False,
848e1787,baseline_mh,MiniHack-MazeWalk-9x9-v0,18,9,SE,0.0,False,
848e1787,baseline_mh,MiniHack-MazeWalk-9x9-v0,18,10,SE,-0.01,False,
848e1787,baseline_mh,MiniHack-MazeWalk-9x9-v0,18,11,SE,-0.01,False,
848e1787,baseline_mh,MiniHack-MazeWalk-9x9-v0,18,12,NE,-0.01,False,
848e1787,baseline_mh,MiniHack-MazeWalk-9x9-v0,18,13,SW,0.0,False,
848e1787,baseline_mh,MiniHack-MazeWalk-9x9-v0,18,14,SE,-0.01,False,
848e1787,baseline_mh,MiniHack-MazeWalk-9x9-v0,18,15,SE,-0.01,False,
848e1787,baseline_mh,MiniHack-MazeWalk-9x9-v0,18,16,NE,0.0,False,
848e1787,baseline_mh,MiniHack-MazeWalk-9x9-v0,18,17,SE,-0.01,False,
848e1787,baseline_mh,MiniHack-MazeWalk-9x9-v0,18,18,SW,0.0,False,
848e1787,baseline_mh,MiniHack-MazeWalk-9x9-v0,18,19,SE,-0.01,False,
848e1787,baseline_mh,MiniHack-MazeWalk-9x9-v0,18,20,NE,0.0,False,
848e1787,baseline_mh,MiniHack-MazeWalk-9x9-v0,18,21,SE,-0.01,False,
848e1787,baseline_mh,MiniHack-MazeWalk-9x9-v0,18,22,N,0.0,False,
848e1787,baseline_mh,MiniHack-MazeWalk-9x9-v0,18,23,SE,-0.01,False,
848e1787,baseline_mh,MiniHack-MazeWalk-9x9-v0,18,24,SE,-0.01,False,
848e1787,baseline_mh,MiniHack-MazeWalk-9x9-v0,18,25,NE,-0.01,False,
848e1787,baseline_mh,MiniHack-MazeWalk-9x9-v0,18,26,SW,-0.01,False,
848e1787,baseline_mh,MiniHack-MazeWalk-9x9-v0,18,27,N,0.0,False,
848e1787,baseline_mh,MiniHack-MazeWalk-9x9-v0,18,28,SE,-0.01,False,
848e1787,baseline_mh,MiniHack-MazeWalk-9x9-v0,18,29,SE,-0.01,False,
848e1787,baseline_mh,MiniHack-MazeWalk-9x9-v0,18,30,NE,-0.01,False,
848e1787,baseline_mh,MiniHack-MazeWalk-9x9-v0,18,31,SW,0.0,False,
848e1787,baseline_mh,MiniHack-MazeWalk-9x9-v0,18,32,SE,0.0,False,
848e1787,baseline_mh,MiniHack-MazeWalk-9x9-v0,18,33,SE,-0.01,False,
848e1787,baseline_mh,MiniHack-MazeWalk-9x9-v0,18,34,SW,0.0,False,
848e1787,baseline_mh,MiniHack-MazeWalk-9x9-v0,18,35,SE,-0.01,False,
848e1787,baseline_mh,MiniHack-MazeWalk-9x9-v0,18,36,NE,0.0,False,
848e1787,baseline_mh,MiniHack-MazeWalk-9x9-v0,18,37,SE,-0.01,False,
848e1787,baseline_mh,MiniHack-MazeWalk-9x9-v0,18,38,SW,0.0,False,
848e1787,baseline_mh,MiniHack-MazeWalk-9x9-v0,18,39,SE,-0.01,False,
848e1787,baseline_mh,MiniHack-MazeWalk-9x9-v0,18,40,NE,0.0,False,
848e1787,baseline_mh,MiniHack-MazeWalk-9x9-v0,18,41,SE,-0.01,False,
848e1787,baseline_mh,MiniHack-MazeWalk-9x9-v0,18,42,SW,0.0,False,
848e1787,baseline_mh,MiniHack-MazeWalk-9x9-v0,18,43,SE,-0.01,False,
848e1787,baseline_mh,MiniHack-MazeWalk-9x9-v0,18,44,NE,0.0,False,
848e1787,baseline_mh,MiniHack-MazeWalk-9x9-v0,18,45,N,0.0,False,
848e1787,baseline_mh,MiniHack-MazeWalk-9x9-v0,18,46,SE,-0.01,False,
848e1787,baseline_mh,MiniHack-MazeWalk-9x9-v0,18,47,NW,-0.01,False,
848e1787,baseline_mh,MiniHack-MazeWalk-9x9-v0,18,48,N,0.0,False,
848e1787,baseline_mh,MiniHack-MazeWalk-9x9-v0,18,49,SE,-0.01,False,
848e1787,baseline_mh,MiniHack-MazeWalk-9x9-v0,19,0,NW,0.0,False,
848e1787,baseline_mh,MiniHack-MazeWalk-9x9-v0,19,1,S,-0.01,False,
848e1787,baseline_mh,MiniHack-MazeWalk-9x9-v0,19,2,N,-0.01,False,
848e1787,baseline_mh,MiniHack-MazeWalk-9x9-v0,19,3,E,0.0,False,
848e1787,baseline_mh,MiniHack-MazeWalk-9x9-v0,19,4,E,-0.01,False,
848e1787,baseline_mh,MiniHack-MazeWalk-9x9-v0,19,5,S,0.0,False,
848e1787,baseline_mh,MiniHack-MazeWalk-9x9-v0,19,6,N,0.0,False,
848e1787,baseline_mh,MiniHack-MazeWalk-9x9-v0,19,7,S,0.0,False,
848e1787,baseline_mh,MiniHack-MazeWalk-9x9-v0,19,8,S,0.0,False,
848e1787,baseline_mh,MiniHack-MazeWalk-9x9-v0,19,9,SE,-0.01,False,
848e1787,baseline_mh,MiniHack-MazeWalk-9x9-v0,19,10,SE,-0.01,False,
848e1787,baseline_mh,MiniHack-MazeWalk-9x9-v0,19,11,S,0.0,False,
848e1787,baseline_mh,MiniHack-MazeWalk-9x9-v0,19,12,SE,-0.01,False,
848e1787,baseline_mh,MiniHack-MazeWalk-9x9-v0,19,13,SE,-0.01,False,
848e1787,baseline_mh,MiniHack-MazeWalk-9x9-v0,19,14,NE,-0.01,False,
848e1787,baseline_mh,MiniHack-MazeWalk-9x9-v0,19,15,N,0.0,False,
848e1787,baseline_mh,MiniHack-MazeWalk-9x9-v0,19,16,SE,-0.01,False,
848e1787,baseline_mh,MiniHack-MazeWalk-9x9-v0,19,17,SE,-0.01,False,
848e1787,baseline_mh,MiniHack-MazeWalk-9x9-v0,19,18,NE,-0.01,False,
848e1787,baseline_mh,MiniHack-MazeWalk-9x9-v0,19,19,SW,-0.01,False,
848e1787,baseline_mh,MiniHack-MazeWalk-9x9-v0,19,20,N,0.0,False,
848e1787,baseline_mh,MiniHack-MazeWalk-9x9-v0,19,21,SE,-0.01,False,
848e1787,baseline_mh,MiniHack-MazeWalk-9x9-v0,19,22,NE,-0.01,False,
848e1787,baseline_mh,MiniHack-MazeWalk-9x9-v0,19,23,SE,-0.01,False,
848e1787,baseline_mh,MiniHack-MazeWalk-9x9-v0,19,24,N,0.0,False,
848e1787,baseline_mh,MiniHack-MazeWalk-9x9-v0,19,25,SE,-0.01,False,
848e1787,baseline_mh,MiniHack-MazeWalk-9x9-v0,19,26,SE,-0.01,False,
848e1787,baseline_mh,MiniHack-MazeWalk-9x9-v0,19,27,N,-0.01,False,
848e1787,baseline_mh,MiniHack-MazeWalk-9x9-v0,19,28,E,-0.01,False,
848e1787,baseline_mh,MiniHack-MazeWalk-9x9-v0,19,29,S,0.0,False,
848e1787,baseline_mh,MiniHack-MazeWalk-9x9-v0,19,30,SE,-0.01,False,
848e1787,baseline_mh,MiniHack-MazeWalk-9x9-v0,19,31,S,0.0,False,
848e1787,baseline_mh,MiniHack-MazeWalk-9x9-v0,19,32,SE,-0.01,False,
848e1787,baseline_mh,MiniHack-MazeWalk-9x9-v0,19,33,N,0.0,False,
848e1787,baseline_mh,MiniHack-MazeWalk-9x9-v0,19,34,SE,-0.01,False,
848e1787,baseline_mh,MiniHack-MazeWalk-9x9-v0,19,35,SW,-0.01,False,
848e1787,baseline_mh,MiniHack-MazeWalk-9x9-v0,19,36,N,0.0,False,
848e1787,baseline_mh,MiniHack-MazeWalk-9x9-v0,19,37,SE,-0.01,False,
848e1787,baseline_mh,MiniHack-MazeWalk-9x9-v0,19,38,S,0.0,False,
848e1787,baseline_mh,MiniHack-MazeWalk-9x9-v0,19,39,SE,-0.01,False,
848e1787,baseline_mh,MiniHack-MazeWalk-9x9-v0,19,40,N,0.0,False,
848e1787,baseline_mh,MiniHack-MazeWalk-9x9-v0,19,41,SE,-0.01,False,
848e1787,baseline_mh,MiniHack-MazeWalk-9x9-v0,19,42,W,0.0,False,
848e1787,baseline_mh,MiniHack-MazeWalk-9x9-v0,19,43,SE,0.0,False,
848e1787,baseline_mh,MiniHack-MazeWalk-9x9-v0,19,44,NE,-0.01,False,
848e1787,baseline_mh,MiniHack-MazeWalk-9x9-v0,19,45,N,0.0,False,
848e1787,baseline_mh,MiniHack-MazeWalk-9x9-v0,19,46,SE,-0.01,False,
848e1787,baseline_mh,MiniHack-MazeWalk-9x9-v0,19,47,S,0.0,False,
848e1787,baseline_mh,MiniHack-MazeWalk-9x9-v0,19,48,SE,-0.01,False,
848e1787,baseline_mh,MiniHack-MazeWalk-9x9-v0,19,49,E,-0.01,False,
